{"resourceType":"ValueSet","id":"VSMeaslesVaccineProducts","text":{"status":"generated","div":"<div xmlns=\"http://www.w3.org/1999/xhtml\"><ul><li>Include all codes defined in <a href=\"CodeSystem-VaccineProducts.html\"><code>http://smart.who.int/ig/smart-immunizations-measles/CodeSystem/VaccineProducts</code></a></li></ul></div>"},"url":"http://smart.who.int/ig/smart-immunizations-measles/ValueSet/VSMeaslesVaccineProducts","version":"0.1.0","name":"VSMeaslesVaccineProducts","title":"MeaslesVaccine Products ValueSet","status":"draft","date":"2023-10-26T12:56:25+00:00","publisher":"Ministry of Health","contact":[{"name":"Ministry of Health","telecom":[{"system":"url","value":"http://www.moh.gov.zm"}]}],"description":"Vaccine Product Codes - representing the codes of the products currently available.","compose":{"include":[{"system":"http://smart.who.int/ig/smart-immunizations-measles/CodeSystem/VaccineProducts"}]}}